,f_10,f_15,f_20,f_21,f_22,f_25,f_26,f_27,f_34,f_48,target
0,0.19,0.1,0.16,0.2,87.65,132.78,-0.01,3.78,2.19,65.74,1
1,0.02,0.01,0.02,0.02,87.65,132.78,-0.01,3.78,0.0,65.73,0
2,0.18,0.17,0.19,0.29,87.65,132.78,-0.01,3.78,1.95,65.81,1
3,0.19,0.1,0.16,0.21,87.65,132.78,-0.01,3.78,2.2,65.67,1
4,0.17,0.09,0.13,0.16,87.65,132.78,-0.01,3.78,2.19,65.66,0
5,0.15,0.15,0.16,0.22,87.65,132.78,-0.01,3.78,1.96,65.77,1
6,0.15,0.14,0.17,0.27,87.65,132.78,-0.01,3.78,1.95,65.79,1
7,0.02,0.02,0.02,0.03,87.65,132.78,-0.01,3.78,1.95,65.67,0
8,0.15,0.09,0.14,0.19,87.65,132.78,-0.01,3.78,2.19,65.67,1
9,0.19,0.12,0.19,0.25,87.65,132.78,-0.01,3.78,2.2,65.58,1
10,0.1,0.09,0.1,0.13,87.65,132.78,-0.01,3.78,1.94,66.18,1
11,0.17,0.12,0.14,0.19,75.26,351.67,0.18,9.24,1.93,66.25,0
12,0.22,0.09,0.15,0.18,75.26,351.67,0.18,9.24,2.17,66.15,0
13,0.24,0.08,0.17,0.22,75.26,351.67,0.18,9.24,2.16,66.34,0
14,0.32,0.08,0.14,0.18,75.26,351.67,0.18,9.24,2.18,65.78,1
15,0.26,0.11,0.15,0.18,75.26,351.67,0.18,9.24,2.19,65.72,1
16,0.25,0.06,0.16,0.19,75.26,351.67,0.18,9.24,2.17,66.18,0
17,0.37,0.12,0.2,0.25,75.26,351.67,0.18,9.24,2.16,66.29,0
18,0.21,0.08,0.16,0.22,75.26,351.67,0.18,9.24,2.17,66.14,0
19,0.22,0.07,0.15,0.19,75.26,351.67,0.18,9.24,2.16,66.23,0
20,0.26,0.08,0.17,0.21,75.26,351.67,0.18,9.24,2.16,66.38,0
21,0.26,0.11,0.19,0.24,75.26,351.67,0.18,9.24,2.16,66.27,0
22,0.23,0.07,0.16,0.2,75.26,351.67,0.18,9.24,2.17,66.19,0
23,0.2,0.07,0.15,0.19,75.26,351.67,0.18,9.24,2.17,66.18,0
24,0.26,0.13,0.21,0.29,75.26,351.67,0.18,9.24,2.16,66.35,0
25,0.24,0.17,0.2,0.25,75.26,351.67,0.18,9.24,2.16,66.39,0
26,0.24,0.1,0.19,0.24,75.26,351.67,0.18,9.24,2.16,66.31,0
27,0.28,0.09,0.2,0.25,75.26,351.67,0.18,9.24,2.17,66.1,0
28,0.15,0.14,0.18,0.25,75.26,351.67,0.18,9.24,1.94,66.04,0
29,0.17,0.07,0.17,0.22,75.26,351.67,0.18,9.24,1.94,66.18,0
30,0.19,0.12,0.16,0.22,75.26,351.67,0.18,9.24,2.17,66.13,0
31,0.21,0.14,0.18,0.25,75.26,351.67,0.18,9.24,2.17,66.17,0
32,0.21,0.12,0.18,0.24,75.26,351.67,0.18,9.24,2.16,66.4,0
33,0.21,0.12,0.18,0.25,75.26,351.67,0.18,9.24,2.16,66.24,0
34,0.27,0.09,0.19,0.25,75.26,351.67,0.18,9.24,2.17,66.08,0
35,0.12,0.08,0.12,0.14,75.26,351.67,0.18,9.24,2.17,66.1,0
36,0.18,0.19,0.2,0.3,75.26,351.67,0.18,9.24,2.16,66.3,0
37,0.23,0.07,0.18,0.24,75.26,351.67,0.18,9.24,2.16,66.32,0
38,0.2,0.12,0.19,0.25,75.26,351.67,0.18,9.24,2.16,66.24,0
39,0.08,0.06,0.09,0.12,75.26,351.67,0.18,9.24,1.94,66.15,0
40,0.33,0.23,0.31,0.39,75.26,351.67,0.18,9.24,2.16,66.31,0
41,0.2,0.09,0.16,0.19,75.26,351.67,0.18,9.24,2.17,66.14,0
42,0.32,0.19,0.27,0.33,75.26,351.67,0.18,9.24,2.16,66.27,0
43,0.22,0.12,0.22,0.33,75.26,351.67,0.18,9.24,1.95,65.95,0
44,0.26,0.16,0.26,0.35,75.26,351.67,0.18,9.24,2.17,66.11,0
45,0.19,0.07,0.15,0.18,75.26,351.67,0.18,9.24,2.16,66.19,0
46,0.14,0.25,0.29,0.41,75.26,351.67,0.18,9.24,1.94,66.17,0
47,0.07,0.03,0.06,0.07,75.26,351.67,0.18,9.24,2.16,66.22,0
48,0.17,0.16,0.18,0.22,75.26,351.67,0.18,9.24,1.94,66.04,0
49,0.2,0.1,0.15,0.21,75.26,351.67,0.18,9.24,2.16,66.2,0
50,0.2,0.15,0.27,0.38,75.26,351.67,0.18,9.24,2.17,66.07,0
51,0.24,0.09,0.2,0.25,75.26,351.67,0.18,9.24,2.17,66.15,0
52,0.28,0.2,0.26,0.36,75.26,351.67,0.18,9.24,2.16,66.34,0
53,0.17,0.14,0.17,0.22,75.26,351.67,0.18,9.24,2.17,66.18,0
54,0.18,0.12,0.13,0.19,75.26,351.67,0.18,9.24,2.17,66.04,0
55,0.19,0.14,0.2,0.23,75.26,351.67,0.18,9.24,2.17,66.12,0
56,0.11,0.08,0.12,0.14,75.26,351.67,0.18,9.24,2.16,66.25,0
57,0.19,0.09,0.16,0.22,75.26,351.67,0.18,9.24,2.16,66.36,0
58,0.18,0.2,0.26,0.33,75.26,351.67,0.18,9.24,2.16,66.45,0
59,0.14,0.18,0.18,0.28,75.26,351.67,0.18,9.24,1.93,66.33,0
60,0.2,0.14,0.19,0.26,75.26,351.67,0.18,9.24,2.16,66.39,0
61,0.21,0.11,0.21,0.29,75.26,351.67,0.18,9.24,2.16,66.37,0
62,0.18,0.19,0.2,0.28,75.26,351.67,0.18,9.24,2.16,66.41,0
63,0.18,0.12,0.21,0.31,75.26,351.67,0.18,9.24,2.16,66.33,0
64,0.19,0.23,0.23,0.3,75.26,351.67,0.18,9.24,1.93,66.26,0
65,0.17,0.05,0.17,0.22,75.26,351.67,0.18,9.24,2.17,66.02,0
66,0.27,0.1,0.22,0.35,75.26,351.67,0.18,9.24,2.16,66.17,0
67,0.36,0.16,0.24,0.31,75.26,351.67,0.18,9.24,1.94,66.15,0
68,0.18,0.08,0.16,0.22,75.26,351.67,0.18,9.24,2.16,66.35,0
69,0.18,0.09,0.15,0.19,75.26,351.67,0.18,9.24,2.17,66.13,0
70,0.14,0.14,0.15,0.19,75.26,351.67,0.18,9.24,2.17,66.12,0
71,0.16,0.17,0.17,0.29,75.26,351.67,0.18,9.24,2.16,66.12,0
72,0.17,0.19,0.19,0.31,75.26,351.67,0.18,9.24,1.93,66.27,0
73,0.16,0.15,0.23,0.31,75.26,351.67,0.18,9.24,1.94,66.08,0
74,0.28,0.15,0.25,0.32,75.26,351.67,0.18,9.24,2.16,66.34,0
75,0.11,0.1,0.11,0.14,75.26,351.67,0.18,9.24,2.17,66.13,0
76,0.22,0.17,0.24,0.34,75.26,351.67,0.18,9.24,1.94,66.23,0
77,0.19,0.14,0.18,0.24,75.26,351.67,0.18,9.24,2.16,66.26,0
78,0.21,0.11,0.16,0.21,75.26,351.67,0.18,9.24,2.16,66.33,0
79,0.15,0.07,0.13,0.15,75.26,351.67,0.18,9.24,2.17,66.11,0
80,0.21,0.16,0.23,0.32,75.26,351.67,0.18,9.24,2.16,66.28,0
81,0.14,0.05,0.13,0.17,75.26,351.67,0.18,9.24,2.17,66.12,0
82,0.18,0.2,0.2,0.27,75.26,351.67,0.18,9.24,1.94,66.22,0
83,0.2,0.15,0.23,0.31,75.26,351.67,0.18,9.24,1.93,66.36,0
84,0.15,0.08,0.14,0.18,75.26,351.67,0.18,9.24,1.93,66.29,0
85,0.3,0.21,0.29,0.36,75.26,351.67,0.18,9.24,2.16,66.19,0
86,0.13,0.09,0.13,0.16,75.26,351.67,0.18,9.24,1.95,65.98,0
87,0.18,0.16,0.21,0.27,75.26,351.67,0.18,9.24,1.93,66.37,0
88,0.2,0.11,0.21,0.32,75.26,351.67,0.18,9.24,1.93,66.3,0
89,0.17,0.1,0.15,0.21,75.26,351.67,0.18,9.24,1.94,66.09,0
90,0.24,0.13,0.21,0.28,75.26,351.67,0.18,9.24,2.16,66.4,0
91,0.27,0.22,0.23,0.3,75.26,351.67,0.18,9.24,2.16,66.28,0
92,0.2,0.11,0.18,0.22,75.26,351.67,0.18,9.24,2.16,66.23,0
93,0.23,0.12,0.21,0.27,75.26,351.67,0.18,9.24,2.16,66.3,0
94,0.08,0.05,0.07,0.09,75.26,351.67,0.18,9.24,2.16,66.15,0
95,0.27,0.14,0.18,0.24,75.26,351.67,0.18,9.24,2.16,66.39,0
96,0.17,0.11,0.17,0.2,75.26,351.67,0.18,9.24,1.93,66.3,0
97,0.27,0.23,0.24,0.32,75.26,351.67,0.18,9.24,2.16,66.31,0
98,0.21,0.11,0.22,0.3,75.26,351.67,0.18,9.24,2.17,66.1,0
99,0.2,0.19,0.21,0.3,75.26,351.67,0.18,9.24,2.17,66.14,0
100,0.27,0.18,0.27,0.37,75.26,351.67,0.18,9.24,2.17,66.16,0
101,0.07,0.05,0.08,0.09,75.26,351.67,0.18,9.24,2.16,66.15,0
102,0.23,0.15,0.19,0.23,75.26,351.67,0.18,9.24,1.94,66.18,0
103,0.2,0.21,0.24,0.32,75.26,351.67,0.18,9.24,2.17,66.08,0
104,0.2,0.24,0.23,0.42,75.26,351.67,0.18,9.24,1.94,66.04,0
105,0.17,0.07,0.17,0.23,75.26,351.67,0.18,9.24,2.16,66.41,0
106,0.16,0.1,0.14,0.16,75.26,351.67,0.18,9.24,1.95,65.98,0
107,0.18,0.15,0.19,0.26,75.26,351.67,0.18,9.24,2.16,66.14,0
108,0.14,0.06,0.13,0.14,75.26,351.67,0.18,9.24,2.18,65.98,0
109,0.12,0.11,0.12,0.18,75.26,351.67,0.18,9.24,1.93,66.33,0
110,0.21,0.17,0.2,0.29,75.26,351.67,0.18,9.24,2.17,66.19,0
111,0.25,0.17,0.21,0.29,75.26,351.67,0.18,9.24,2.17,66.01,0
112,0.21,0.05,0.17,0.24,75.26,351.67,0.18,9.24,2.16,66.37,0
113,0.36,0.16,0.32,0.41,75.26,351.67,0.18,9.24,1.93,66.42,0
114,0.14,0.08,0.14,0.17,75.26,351.67,0.18,9.24,1.94,66.16,0
115,0.06,0.04,0.07,0.08,75.26,351.67,0.18,9.24,2.16,66.21,0
116,0.26,0.17,0.24,0.27,75.26,351.67,0.18,9.24,2.16,66.25,0
117,0.13,0.1,0.15,0.18,75.26,351.67,0.18,9.24,1.94,66.07,0
118,0.16,0.1,0.17,0.21,75.26,351.67,0.18,9.24,1.94,66.21,0
119,0.23,0.08,0.22,0.27,75.26,351.67,0.18,9.24,2.17,66.18,0
120,0.18,0.13,0.19,0.27,75.26,351.67,0.18,9.24,2.16,66.2,0
121,0.15,0.1,0.19,0.24,75.26,351.67,0.18,9.24,2.16,66.41,0
122,0.12,0.08,0.12,0.15,75.26,351.67,0.18,9.24,2.18,65.96,0
123,0.19,0.12,0.18,0.23,75.26,351.67,0.18,9.24,2.17,66.14,0
124,0.25,0.11,0.21,0.24,75.26,351.67,0.18,9.24,2.16,66.36,0
125,0.28,0.11,0.25,0.31,75.26,351.67,0.18,9.24,2.16,66.18,0
126,0.19,0.19,0.19,0.26,75.26,351.67,0.18,9.24,1.94,66.08,0
127,0.18,0.15,0.2,0.27,75.26,351.67,0.18,9.24,2.16,66.39,0
128,0.24,0.21,0.22,0.31,75.26,351.67,0.18,9.24,2.18,65.77,1
129,0.26,0.12,0.25,0.32,75.26,351.67,0.18,9.24,2.17,66.07,0
130,0.16,0.11,0.15,0.18,75.26,351.67,0.18,9.24,2.17,66.13,0
131,0.22,0.1,0.16,0.22,75.26,351.67,0.18,9.24,2.17,66.1,0
132,0.28,0.14,0.17,0.23,75.26,351.67,0.18,9.24,2.16,66.44,0
133,0.19,0.07,0.15,0.2,75.26,351.67,0.18,9.24,1.94,66.1,0
134,0.2,0.17,0.2,0.31,75.26,351.67,0.18,9.24,2.16,66.22,0
135,0.28,0.14,0.22,0.28,75.26,351.67,0.18,9.24,2.17,66.13,0
136,0.15,0.1,0.16,0.24,75.26,351.67,0.18,9.24,2.17,66.05,0
137,0.16,0.2,0.22,0.28,75.26,351.67,0.18,9.24,2.16,66.22,0
138,0.24,0.24,0.24,0.31,75.26,351.67,0.18,9.24,2.16,66.35,0
139,0.22,0.19,0.23,0.31,75.26,351.67,0.18,9.24,2.16,66.18,0
140,0.2,0.12,0.16,0.22,75.26,351.67,0.18,9.24,2.17,66.09,0
141,0.31,0.26,0.28,0.36,75.26,351.67,0.18,9.24,2.16,66.4,0
142,0.2,0.23,0.22,0.31,75.26,351.67,0.18,9.24,1.94,66.17,0
143,0.2,0.16,0.24,0.31,75.26,351.67,0.18,9.24,2.16,66.3,0
144,0.15,0.2,0.19,0.27,75.26,351.67,0.18,9.24,2.18,65.96,0
145,0.17,0.1,0.2,0.24,75.26,351.67,0.18,9.24,2.16,66.32,0
146,0.06,0.03,0.07,0.07,75.26,351.67,0.18,9.24,2.16,66.16,0
147,0.29,0.27,0.32,0.39,75.26,351.67,0.18,9.24,2.16,66.18,0
148,0.17,0.18,0.24,0.41,75.26,351.67,0.18,9.24,1.93,66.31,0
149,0.19,0.2,0.21,0.28,75.26,351.67,0.18,9.24,2.17,66.09,0
150,0.11,0.06,0.11,0.14,75.26,351.67,0.18,9.24,1.94,66.17,0
151,0.23,0.07,0.21,0.26,75.26,351.67,0.18,9.24,2.17,66.07,0
152,0.15,0.15,0.16,0.21,75.26,351.67,0.18,9.24,2.16,66.26,0
153,0.15,0.07,0.14,0.15,75.26,351.67,0.18,9.24,2.17,66.14,0
154,0.26,0.13,0.23,0.3,75.26,351.67,0.18,9.24,2.16,66.42,0
155,0.13,0.13,0.12,0.16,75.26,351.67,0.18,9.24,1.93,66.23,0
156,0.15,0.13,0.16,0.18,75.26,351.67,0.18,9.24,2.17,66.18,0
157,0.2,0.18,0.26,0.36,75.26,351.67,0.18,9.24,2.16,66.38,0
158,0.25,0.08,0.2,0.25,75.26,351.67,0.18,9.24,2.16,66.16,0
159,0.23,0.12,0.18,0.24,75.26,351.67,0.18,9.24,2.16,66.41,0
160,0.17,0.17,0.21,0.29,75.26,351.67,0.18,9.24,2.16,66.3,0
161,0.25,0.27,0.25,0.35,75.26,351.67,0.18,9.24,2.16,66.18,0
162,0.23,0.12,0.19,0.23,75.26,351.67,0.18,9.24,2.16,66.17,0
163,0.2,0.07,0.22,0.35,75.26,351.67,0.18,9.24,2.17,66.14,0
164,0.06,0.05,0.06,0.07,75.26,351.67,0.18,9.24,2.16,66.19,0
165,0.25,0.27,0.3,0.38,75.26,351.67,0.18,9.24,2.16,66.38,0
166,0.17,0.17,0.18,0.24,75.26,351.67,0.18,9.24,2.16,66.29,0
167,0.27,0.3,0.3,0.37,75.26,351.67,0.18,9.24,2.16,66.21,0
168,0.33,0.14,0.29,0.38,75.26,351.67,0.18,9.24,2.17,66.16,0
169,0.2,0.17,0.25,0.35,75.26,351.67,0.18,9.24,2.16,66.27,0
170,0.18,0.2,0.25,0.35,75.26,351.67,0.18,9.24,1.94,66.09,0
171,0.19,0.14,0.19,0.21,75.26,351.67,0.18,9.24,1.93,66.26,0
172,0.24,0.2,0.24,0.28,75.26,351.67,0.18,9.24,1.94,66.19,0
173,0.11,0.08,0.11,0.13,75.26,351.67,0.18,9.24,2.18,65.97,0
174,0.22,0.11,0.2,0.25,75.26,351.67,0.18,9.24,1.94,66.17,0
175,0.32,0.15,0.27,0.32,75.26,351.67,0.18,9.24,2.16,66.29,0
176,0.15,0.11,0.18,0.21,75.26,351.67,0.18,9.24,1.94,66.2,0
177,0.19,0.21,0.26,0.3,75.26,351.67,0.18,9.24,1.93,66.39,0
178,0.25,0.23,0.29,0.39,75.26,351.67,0.18,9.24,2.16,66.38,0
179,0.2,0.22,0.21,0.27,75.26,351.67,0.18,9.24,1.94,66.13,0
180,0.25,0.2,0.27,0.33,75.26,351.67,0.18,9.24,2.16,66.39,0
181,0.1,0.09,0.11,0.12,75.26,351.67,0.18,9.24,1.93,66.28,0
182,0.21,0.18,0.21,0.28,75.26,351.67,0.18,9.24,2.16,66.2,0
183,0.24,0.11,0.24,0.33,75.26,351.67,0.18,9.24,2.17,66.11,0
184,0.22,0.09,0.18,0.22,75.26,351.67,0.18,9.24,2.17,66.11,0
185,0.15,0.14,0.18,0.22,75.26,351.67,0.18,9.24,2.16,66.12,0
186,0.27,0.11,0.16,0.23,75.26,351.67,0.18,9.24,2.19,65.73,1
187,0.2,0.18,0.18,0.25,75.26,351.67,0.18,9.24,1.94,66.17,0
188,0.24,0.18,0.23,0.29,75.26,351.67,0.18,9.24,1.94,66.17,0
189,0.22,0.17,0.23,0.29,75.26,351.67,0.18,9.24,1.93,66.34,0
190,0.24,0.18,0.22,0.29,75.26,351.67,0.18,9.24,2.16,66.42,0
191,0.24,0.23,0.24,0.31,75.26,351.67,0.18,9.24,2.16,66.37,0
192,0.23,0.11,0.21,0.26,75.26,351.67,0.18,9.24,2.17,66.16,0
193,0.2,0.16,0.23,0.31,75.26,351.67,0.18,9.24,2.17,66.11,0
194,0.37,0.3,0.3,0.37,75.26,351.67,0.18,9.24,2.17,66.16,0
195,0.27,0.1,0.15,0.22,67.87,421.21,1.83,14.78,1.96,65.61,1
196,0.2,0.15,0.22,0.29,67.87,421.21,1.83,14.78,2.17,65.88,0
197,0.3,0.05,0.21,0.26,67.87,421.21,1.83,14.78,2.18,65.75,0
198,0.25,0.13,0.22,0.27,67.87,421.21,1.83,14.78,2.18,65.8,0
199,0.35,0.06,0.24,0.28,67.87,421.21,1.83,14.78,2.18,65.82,0
200,0.26,0.09,0.19,0.23,67.87,421.21,1.83,14.78,2.24,65.53,0
201,0.19,0.15,0.24,0.28,67.87,421.21,1.83,14.78,1.93,66.01,0
202,0.26,0.06,0.22,0.27,67.87,421.21,1.83,14.78,1.94,65.87,0
203,0.24,0.11,0.21,0.27,67.87,421.21,1.83,14.78,2.18,65.84,0
204,0.29,0.14,0.24,0.29,67.87,421.21,1.83,14.78,2.18,65.8,0
205,0.17,0.15,0.18,0.22,67.87,421.21,1.83,14.78,1.96,65.64,0
206,0.2,0.24,0.26,0.33,67.87,421.21,1.83,14.78,1.94,65.95,0
207,0.27,0.1,0.19,0.26,67.87,421.21,1.83,14.78,2.19,65.58,1
208,0.23,0.11,0.23,0.31,67.87,421.21,1.83,14.78,2.17,65.84,0
209,0.27,0.08,0.19,0.24,67.87,421.21,1.83,14.78,2.18,65.74,0
210,0.28,0.15,0.21,0.27,67.87,421.21,1.83,14.78,2.2,65.6,0
211,0.21,0.18,0.25,0.33,67.87,421.21,1.83,14.78,2.19,65.64,0
212,0.28,0.1,0.2,0.25,67.87,421.21,1.83,14.78,2.18,65.71,0
213,0.31,0.13,0.26,0.34,67.87,421.21,1.83,14.78,2.18,65.76,0
214,0.25,0.14,0.25,0.37,67.87,421.21,1.83,14.78,1.98,65.58,0
215,0.21,0.07,0.16,0.2,67.87,421.21,1.83,14.78,2.18,65.81,0
216,0.17,0.15,0.18,0.23,67.87,421.21,1.83,14.78,1.97,65.61,0
217,0.2,0.2,0.27,0.32,67.87,421.21,1.83,14.78,2.17,65.88,0
218,0.25,0.2,0.24,0.34,67.87,421.21,1.83,14.78,2.16,65.98,0
219,0.29,0.14,0.26,0.31,67.87,421.21,1.83,14.78,2.17,65.89,0
220,0.17,0.14,0.24,0.28,67.87,421.21,1.83,14.78,1.96,65.67,0
221,0.23,0.12,0.22,0.28,67.87,421.21,1.83,14.78,1.94,65.84,0
222,0.18,0.12,0.19,0.22,67.87,421.21,1.83,14.78,2.17,65.93,0
223,0.19,0.1,0.18,0.24,67.87,421.21,1.83,14.78,1.95,65.78,0
224,0.25,0.15,0.25,0.31,67.87,421.21,1.83,14.78,2.17,65.95,0
225,0.24,0.14,0.25,0.3,67.87,421.21,1.83,14.78,1.95,65.81,0
226,0.16,0.1,0.17,0.22,67.87,421.21,1.83,14.78,2.19,65.69,0
227,0.21,0.18,0.2,0.24,67.87,421.21,1.83,14.78,2.18,65.72,0
228,0.2,0.12,0.19,0.24,67.87,421.21,1.83,14.78,2.17,65.91,0
229,0.16,0.11,0.19,0.25,67.87,421.21,1.83,14.78,2.17,65.81,0
230,0.23,0.15,0.21,0.27,67.87,421.21,1.83,14.78,2.18,65.77,0
231,0.14,0.19,0.18,0.27,67.87,421.21,1.83,14.78,1.94,65.89,0
232,0.26,0.09,0.23,0.29,67.87,421.21,1.83,14.78,1.94,65.85,0
233,0.29,0.14,0.25,0.34,67.87,421.21,1.83,14.78,2.22,65.54,0
234,0.13,0.14,0.17,0.21,67.87,421.21,1.83,14.78,2.17,65.84,0
235,0.22,0.12,0.21,0.26,67.87,421.21,1.83,14.78,2.17,65.94,0
236,0.26,0.15,0.25,0.33,67.87,421.21,1.83,14.78,2.24,65.52,0
237,0.23,0.16,0.2,0.25,67.87,421.21,1.83,14.78,1.95,65.75,0
238,0.19,0.11,0.17,0.2,67.87,421.21,1.83,14.78,2.18,65.84,0
239,0.23,0.15,0.22,0.29,67.87,421.21,1.83,14.78,2.18,65.78,0
240,0.04,0.02,0.04,0.04,67.87,421.21,1.83,14.78,0.0,65.49,0
241,0.18,0.1,0.18,0.23,67.87,421.21,1.83,14.78,1.94,65.86,0
242,0.18,0.18,0.23,0.29,67.87,421.21,1.83,14.78,2.17,65.89,0
243,0.13,0.08,0.14,0.22,67.87,421.21,1.83,14.78,1.94,65.94,0
244,0.24,0.11,0.23,0.28,67.87,421.21,1.83,14.78,2.17,65.87,0
245,0.28,0.16,0.3,0.37,67.87,421.21,1.83,14.78,2.17,65.86,0
246,0.04,0.03,0.05,0.06,67.87,421.21,1.83,14.78,1.97,65.52,0
247,0.22,0.12,0.2,0.27,67.87,421.21,1.83,14.78,1.99,65.55,0
248,0.24,0.08,0.22,0.29,67.87,421.21,1.83,14.78,2.24,65.53,0
249,0.23,0.22,0.29,0.45,67.87,421.21,1.83,14.78,2.17,65.83,0
250,0.26,0.14,0.23,0.27,67.87,421.21,1.83,14.78,2.17,65.86,0
251,0.26,0.12,0.22,0.27,67.87,421.21,1.83,14.78,2.18,65.77,0
252,0.23,0.1,0.17,0.21,67.87,421.21,1.83,14.78,1.95,65.72,0
253,0.19,0.13,0.19,0.24,67.87,421.21,1.83,14.78,1.97,65.61,0
254,0.27,0.1,0.23,0.29,67.87,421.21,1.83,14.78,2.01,65.51,0
255,0.19,0.12,0.2,0.26,67.87,421.21,1.83,14.78,1.94,65.84,0
256,0.34,0.19,0.32,0.4,67.87,421.21,1.83,14.78,2.17,65.88,0
257,0.14,0.08,0.13,0.17,67.87,421.21,1.83,14.78,1.95,65.82,0
258,0.1,0.07,0.1,0.13,67.87,421.21,1.83,14.78,2.17,65.86,0
259,0.2,0.1,0.17,0.21,67.87,421.21,1.83,14.78,1.94,65.95,0
260,0.17,0.06,0.13,0.16,67.87,421.21,1.83,14.78,2.18,65.73,0
261,0.2,0.16,0.21,0.32,67.87,421.21,1.83,14.78,2.21,65.58,0
262,0.24,0.17,0.24,0.34,67.87,421.21,1.83,14.78,1.95,65.68,0
263,0.21,0.09,0.17,0.21,67.87,421.21,1.83,14.78,2.17,65.85,0
264,0.18,0.12,0.2,0.28,67.87,421.21,1.83,14.78,2.17,65.91,0
265,0.21,0.14,0.21,0.29,67.87,421.21,1.83,14.78,2.17,65.93,0
266,0.12,0.09,0.16,0.19,67.87,421.21,1.83,14.78,2.16,66.32,0
267,0.17,0.09,0.16,0.19,67.87,421.21,1.83,14.78,2.18,65.72,0
268,0.19,0.12,0.17,0.21,67.87,421.21,1.83,14.78,1.95,65.84,0
269,0.28,0.17,0.24,0.3,67.87,421.21,1.83,14.78,2.19,65.71,0
270,0.24,0.14,0.26,0.29,67.87,421.21,1.83,14.78,2.17,65.92,0
271,0.12,0.08,0.14,0.18,67.87,421.21,1.83,14.78,1.95,65.71,0
272,0.24,0.15,0.26,0.32,67.87,421.21,1.83,14.78,1.96,65.66,0
273,0.21,0.11,0.2,0.25,67.87,421.21,1.83,14.78,2.16,65.99,0
274,0.2,0.15,0.21,0.28,67.87,421.21,1.83,14.78,1.94,65.96,0
275,0.06,0.02,0.05,0.05,67.87,421.21,1.83,14.78,2.21,65.49,0
276,0.2,0.11,0.17,0.19,67.87,421.21,1.83,14.78,2.18,65.78,0
277,0.22,0.11,0.19,0.26,67.87,421.21,1.83,14.78,2.24,65.52,0
278,0.18,0.11,0.15,0.2,67.87,421.21,1.83,14.78,1.95,65.75,0
279,0.23,0.11,0.23,0.28,67.87,421.21,1.83,14.78,1.95,65.69,0
280,0.23,0.23,0.28,0.4,67.87,421.21,1.83,14.78,1.99,65.53,0
281,0.26,0.21,0.24,0.31,67.87,421.21,1.83,14.78,1.94,65.91,0
282,0.2,0.2,0.24,0.32,67.87,421.21,1.83,14.78,2.17,65.86,0
283,0.03,0.03,0.04,0.05,67.87,421.21,1.83,14.78,1.98,65.48,0
284,0.26,0.17,0.23,0.32,67.87,421.21,1.83,14.78,2.2,65.61,0
285,0.03,0.03,0.03,0.04,67.87,421.21,1.83,14.78,2.2,65.52,0
286,0.25,0.17,0.22,0.29,67.87,421.21,1.83,14.78,2.17,65.94,0
287,0.31,0.11,0.25,0.32,67.87,421.21,1.83,14.78,2.17,65.89,0
288,0.21,0.19,0.27,0.37,67.87,421.21,1.83,14.78,0.0,65.51,0
289,0.31,0.18,0.27,0.33,67.87,421.21,1.83,14.78,2.19,65.67,0
290,0.26,0.15,0.23,0.27,67.87,421.21,1.83,14.78,2.16,66.02,0
291,0.2,0.18,0.2,0.29,67.87,421.21,1.83,14.78,2.17,65.96,0
292,0.3,0.14,0.28,0.31,67.87,421.21,1.83,14.78,1.94,65.93,0
293,0.04,0.02,0.05,0.06,67.87,421.21,1.83,14.78,2.2,65.5,0
294,0.27,0.16,0.26,0.31,67.87,421.21,1.83,14.78,2.23,65.53,0
295,0.25,0.18,0.24,0.29,67.87,421.21,1.83,14.78,1.95,65.69,0
296,0.21,0.09,0.19,0.24,67.87,421.21,1.83,14.78,2.17,65.87,0
297,0.03,0.02,0.03,0.04,67.87,421.21,1.83,14.78,1.97,65.49,0
298,0.17,0.17,0.17,0.24,85.22,422.12,1.01,12.06,1.97,65.59,0
299,0.23,0.18,0.19,0.26,85.22,422.12,1.01,12.06,1.94,65.88,0
300,0.11,0.15,0.17,0.24,85.22,422.12,1.01,12.06,1.94,65.97,1
301,0.12,0.17,0.18,0.25,85.22,422.12,1.01,12.06,1.93,66.32,0
302,0.21,0.11,0.17,0.24,85.22,422.12,1.01,12.06,2.17,65.91,0
303,0.17,0.12,0.17,0.23,85.22,422.12,1.01,12.06,1.94,65.98,0
304,0.2,0.2,0.21,0.31,85.22,422.12,1.01,12.06,1.95,65.93,0
305,0.18,0.15,0.16,0.23,85.22,422.12,1.01,12.06,1.94,66.01,0
306,0.23,0.15,0.17,0.22,85.22,422.12,1.01,12.06,2.16,66.25,1
307,0.21,0.12,0.18,0.24,85.22,422.12,1.01,12.06,2.17,66.01,0
308,0.22,0.1,0.16,0.23,85.22,422.12,1.01,12.06,2.17,65.95,0
309,0.09,0.07,0.1,0.14,85.22,422.12,1.01,12.06,1.94,65.91,1
310,0.21,0.15,0.16,0.23,85.22,422.12,1.01,12.06,2.17,65.98,0
311,0.08,0.11,0.12,0.19,85.22,422.12,1.01,12.06,1.94,66.04,1
312,0.24,0.13,0.19,0.25,85.22,422.12,1.01,12.06,2.18,65.87,0
313,0.21,0.11,0.17,0.22,85.22,422.12,1.01,12.06,2.17,65.91,0
314,0.15,0.11,0.15,0.21,85.22,422.12,1.01,12.06,2.18,65.88,0
315,0.19,0.18,0.17,0.24,85.22,422.12,1.01,12.06,1.94,65.91,0
316,0.12,0.08,0.13,0.17,85.22,422.12,1.01,12.06,2.17,65.96,0
317,0.15,0.13,0.15,0.2,85.22,422.12,1.01,12.06,2.17,65.92,0
318,0.18,0.12,0.14,0.2,85.22,422.12,1.01,12.06,2.18,65.88,0
319,0.17,0.13,0.17,0.25,85.22,422.12,1.01,12.06,2.17,66.0,0
320,0.11,0.17,0.12,0.19,85.22,422.12,1.01,12.06,2.17,65.87,1
321,0.22,0.14,0.18,0.24,85.22,422.12,1.01,12.06,2.17,65.97,0
322,0.19,0.1,0.17,0.24,85.22,422.12,1.01,12.06,2.17,66.0,0
323,0.17,0.12,0.15,0.2,85.22,422.12,1.01,12.06,1.95,65.92,0
324,0.22,0.17,0.2,0.27,85.22,422.12,1.01,12.06,1.95,65.87,0
325,0.15,0.09,0.14,0.19,85.22,422.12,1.01,12.06,2.18,65.9,0
326,0.2,0.07,0.15,0.19,85.22,422.12,1.01,12.06,2.17,65.96,0
327,0.18,0.12,0.19,0.24,85.22,422.12,1.01,12.06,1.94,66.02,0
328,0.19,0.12,0.19,0.24,85.22,422.12,1.01,12.06,2.16,66.33,0
329,0.24,0.24,0.26,0.36,85.22,422.12,1.01,12.06,1.94,65.99,0
330,0.16,0.11,0.16,0.21,85.22,422.12,1.01,12.06,2.17,65.93,0
331,0.18,0.11,0.17,0.24,85.22,422.12,1.01,12.06,2.17,65.9,0
332,0.23,0.19,0.25,0.34,85.22,422.12,1.01,12.06,1.94,66.03,0
333,0.17,0.1,0.15,0.21,85.22,422.12,1.01,12.06,2.18,65.87,0
334,0.15,0.11,0.14,0.18,85.22,422.12,1.01,12.06,2.18,65.88,0
335,0.14,0.1,0.15,0.21,85.22,422.12,1.01,12.06,2.17,65.99,0
336,0.19,0.12,0.17,0.22,85.22,422.12,1.01,12.06,1.95,65.87,0
337,0.16,0.1,0.15,0.2,85.22,422.12,1.01,12.06,2.17,65.89,0
338,0.2,0.14,0.19,0.25,85.22,422.12,1.01,12.06,2.17,65.97,0
339,0.2,0.13,0.2,0.29,85.22,422.12,1.01,12.06,2.16,66.09,0
340,0.18,0.16,0.21,0.29,85.22,422.12,1.01,12.06,2.17,65.96,0
341,0.18,0.15,0.17,0.23,85.22,422.12,1.01,12.06,2.17,66.04,0
342,0.18,0.23,0.2,0.26,85.22,422.12,1.01,12.06,2.17,65.94,0
343,0.15,0.13,0.15,0.22,85.22,422.12,1.01,12.06,2.17,65.96,0
344,0.21,0.12,0.17,0.23,85.22,422.12,1.01,12.06,2.17,65.93,0
345,0.19,0.14,0.15,0.2,85.22,422.12,1.01,12.06,2.17,65.96,0
346,0.16,0.08,0.18,0.27,85.22,422.12,1.01,12.06,1.95,65.94,0
347,0.14,0.07,0.12,0.17,85.22,422.12,1.01,12.06,2.18,65.85,0
348,0.19,0.19,0.17,0.26,85.22,422.12,1.01,12.06,2.17,65.91,0
349,0.13,0.09,0.13,0.18,85.22,422.12,1.01,12.06,1.95,65.76,0
350,0.21,0.12,0.17,0.24,85.22,422.12,1.01,12.06,2.17,66.02,0
351,0.16,0.07,0.15,0.2,85.22,422.12,1.01,12.06,2.16,66.36,0
352,0.18,0.19,0.21,0.3,85.22,422.12,1.01,12.06,2.17,65.99,0
353,0.19,0.13,0.2,0.24,85.22,422.12,1.01,12.06,2.17,65.93,0
354,0.28,0.13,0.21,0.28,85.22,422.12,1.01,12.06,2.16,66.34,0
355,0.2,0.09,0.16,0.21,85.22,422.12,1.01,12.06,2.17,65.89,0
356,0.2,0.07,0.16,0.21,85.22,422.12,1.01,12.06,2.17,65.87,0
357,0.14,0.14,0.14,0.22,85.22,422.12,1.01,12.06,1.94,66.0,0
358,0.18,0.08,0.14,0.2,85.22,422.12,1.01,12.06,2.18,65.84,0
359,0.16,0.14,0.17,0.23,85.22,422.12,1.01,12.06,1.93,66.33,0
360,0.18,0.12,0.18,0.24,85.22,422.12,1.01,12.06,1.95,65.87,0
361,0.22,0.17,0.21,0.27,85.22,422.12,1.01,12.06,2.17,65.92,0
362,0.11,0.09,0.12,0.2,85.22,422.12,1.01,12.06,1.94,65.97,1
363,0.18,0.11,0.13,0.19,85.22,422.12,1.01,12.06,1.94,65.98,0
364,0.21,0.11,0.21,0.28,85.22,422.12,1.01,12.06,2.16,66.34,0
365,0.17,0.1,0.15,0.2,85.22,422.12,1.01,12.06,2.18,65.86,0
366,0.19,0.14,0.2,0.29,85.22,422.12,1.01,12.06,2.16,66.34,0
367,0.19,0.14,0.17,0.23,85.22,422.12,1.01,12.06,2.17,65.89,0
368,0.19,0.13,0.15,0.2,85.22,422.12,1.01,12.06,2.17,65.94,0
369,0.2,0.21,0.23,0.31,85.22,422.12,1.01,12.06,1.93,66.36,0
370,0.21,0.2,0.24,0.36,85.22,422.12,1.01,12.06,2.17,66.13,0
371,0.19,0.12,0.17,0.23,85.22,422.12,1.01,12.06,1.95,65.86,0
372,0.15,0.13,0.17,0.24,85.22,422.12,1.01,12.06,1.95,65.92,0
373,0.25,0.16,0.21,0.29,85.22,422.12,1.01,12.06,2.2,65.62,0
374,0.16,0.13,0.16,0.21,85.22,422.12,1.01,12.06,2.17,65.92,0
375,0.19,0.1,0.17,0.22,85.22,422.12,1.01,12.06,2.17,65.9,0
376,0.16,0.12,0.16,0.23,85.22,422.12,1.01,12.06,2.17,65.92,0
377,0.22,0.2,0.23,0.28,85.22,422.12,1.01,12.06,1.93,66.36,0
378,0.2,0.12,0.2,0.27,85.22,422.12,1.01,12.06,2.17,65.99,0
379,0.15,0.13,0.15,0.21,85.22,422.12,1.01,12.06,1.94,65.91,0
380,0.2,0.08,0.16,0.24,85.22,422.12,1.01,12.06,1.95,65.85,0
381,0.18,0.16,0.16,0.21,85.22,422.12,1.01,12.06,2.17,65.87,0
382,0.15,0.12,0.15,0.24,85.22,422.12,1.01,12.06,1.95,65.9,0
383,0.13,0.19,0.17,0.24,85.22,422.12,1.01,12.06,1.95,65.95,0
384,0.18,0.09,0.16,0.2,85.22,422.12,1.01,12.06,2.18,65.82,0
385,0.19,0.2,0.2,0.27,85.22,422.12,1.01,12.06,1.93,66.33,0
386,0.23,0.13,0.2,0.26,85.22,422.12,1.01,12.06,2.17,66.17,0
387,0.17,0.18,0.17,0.25,85.22,422.12,1.01,12.06,2.17,65.95,0
388,0.25,0.18,0.23,0.32,85.22,422.12,1.01,12.06,1.94,66.0,0
389,0.23,0.14,0.2,0.27,85.22,422.12,1.01,12.06,1.94,65.99,0
390,0.27,0.27,0.25,0.32,85.22,422.12,1.01,12.06,2.17,65.93,0
391,0.18,0.15,0.25,0.35,85.22,422.12,1.01,12.06,2.17,65.97,0
392,0.17,0.13,0.14,0.2,85.22,422.12,1.01,12.06,1.94,65.95,0
393,0.15,0.1,0.14,0.2,85.22,422.12,1.01,12.06,1.95,65.78,0
394,0.17,0.11,0.14,0.19,85.22,422.12,1.01,12.06,2.18,65.89,0
395,0.2,0.2,0.19,0.26,85.22,422.12,1.01,12.06,2.17,65.95,0
396,0.14,0.16,0.15,0.21,85.22,422.12,1.01,12.06,2.17,66.09,0
397,0.19,0.12,0.22,0.35,85.22,422.12,1.01,12.06,2.17,65.93,0
398,0.16,0.17,0.19,0.26,85.22,422.12,1.01,12.06,1.95,65.87,0
399,0.2,0.21,0.21,0.32,85.22,422.12,1.01,12.06,2.17,65.99,0
400,0.16,0.17,0.16,0.22,85.22,422.12,1.01,12.06,2.2,65.64,0
401,0.17,0.17,0.21,0.34,85.22,422.12,1.01,12.06,2.18,65.95,0
402,0.21,0.13,0.18,0.27,85.22,422.12,1.01,12.06,1.94,65.93,0
403,0.13,0.09,0.13,0.17,85.22,422.12,1.01,12.06,2.17,65.9,0
404,0.17,0.17,0.18,0.27,85.22,422.12,1.01,12.06,1.94,65.92,0
405,0.22,0.18,0.19,0.25,85.22,422.12,1.01,12.06,2.17,66.01,0
406,0.26,0.14,0.19,0.25,85.22,422.12,1.01,12.06,2.17,65.92,0
407,0.28,0.29,0.33,0.43,85.22,422.12,1.01,12.06,1.94,66.03,0
408,0.21,0.17,0.17,0.24,85.22,422.12,1.01,12.06,1.95,65.84,0
409,0.16,0.06,0.14,0.19,85.22,422.12,1.01,12.06,2.17,66.03,0
410,0.31,0.13,0.2,0.28,85.22,422.12,1.01,12.06,2.16,66.04,0
411,0.14,0.12,0.15,0.2,85.22,422.12,1.01,12.06,2.17,65.91,0
412,0.25,0.18,0.22,0.28,85.22,422.12,1.01,12.06,2.17,65.94,0
413,0.2,0.17,0.15,0.23,85.22,422.12,1.01,12.06,2.17,66.02,0
414,0.14,0.09,0.15,0.2,85.22,422.12,1.01,12.06,1.95,65.86,0
415,0.18,0.16,0.18,0.26,85.22,422.12,1.01,12.06,2.18,65.88,0
416,0.23,0.14,0.19,0.27,85.22,422.12,1.01,12.06,1.94,65.92,0
417,0.12,0.1,0.12,0.19,85.22,422.12,1.01,12.06,2.17,65.96,0
418,0.18,0.1,0.16,0.2,85.22,422.12,1.01,12.06,1.94,65.91,0
419,0.18,0.16,0.19,0.26,85.22,422.12,1.01,12.06,2.17,66.09,0
420,0.24,0.17,0.22,0.31,85.22,422.12,1.01,12.06,1.94,66.0,0
421,0.2,0.2,0.2,0.27,85.22,422.12,1.01,12.06,1.94,65.92,0
422,0.16,0.12,0.16,0.21,85.22,422.12,1.01,12.06,2.17,65.98,0
423,0.18,0.19,0.2,0.27,85.22,422.12,1.01,12.06,2.18,65.87,0
424,0.2,0.11,0.18,0.23,85.22,422.12,1.01,12.06,2.18,65.88,0
425,0.19,0.12,0.18,0.24,85.22,422.12,1.01,12.06,1.94,65.96,0
426,0.26,0.16,0.24,0.35,85.22,422.12,1.01,12.06,1.95,65.94,0
427,0.18,0.12,0.17,0.23,85.22,422.12,1.01,12.06,2.16,66.34,0
428,0.27,0.19,0.21,0.28,85.22,422.12,1.01,12.06,2.17,65.92,0
429,0.26,0.15,0.22,0.3,85.22,422.12,1.01,12.06,2.17,65.94,0
430,0.19,0.18,0.18,0.25,85.22,422.12,1.01,12.06,1.95,65.93,0
431,0.37,0.22,0.29,0.38,85.22,422.12,1.01,12.06,2.2,65.68,0
432,0.23,0.13,0.18,0.25,85.22,422.12,1.01,12.06,2.16,66.33,0
433,0.4,0.19,0.29,0.42,126.08,2025.42,-0.53,3.01,2.91,36.7,0
434,0.32,0.15,0.26,0.36,126.08,2025.42,-0.53,3.01,2.91,36.49,0
435,0.4,0.15,0.23,0.26,126.08,2025.42,-0.53,3.01,2.92,36.59,0
436,0.35,0.14,0.24,0.3,126.08,2025.42,-0.53,3.01,2.91,36.69,0
437,0.52,0.15,0.27,0.32,126.08,2025.42,-0.53,3.01,2.92,36.87,0
438,0.25,0.19,0.3,0.49,126.08,2025.42,-0.53,3.01,2.91,36.38,0
439,0.32,0.3,0.31,0.47,126.08,2025.42,-0.53,3.01,2.91,36.32,0
440,0.3,0.5,0.33,0.52,126.08,2025.42,-0.53,3.01,2.92,36.18,1
441,0.3,0.23,0.25,0.36,126.08,2025.42,-0.53,3.01,2.91,36.76,0
442,0.32,0.19,0.28,0.33,126.08,2025.42,-0.53,3.01,2.92,36.59,0
443,0.27,0.46,0.29,0.48,126.08,2025.42,-0.53,3.01,2.91,36.17,0
444,0.34,0.19,0.28,0.32,126.08,2025.42,-0.53,3.01,2.92,36.81,0
445,0.32,0.15,0.23,0.26,126.08,2025.42,-0.53,3.01,2.94,36.82,0
446,0.45,0.15,0.28,0.37,126.08,2025.42,-0.53,3.01,2.91,36.9,0
447,0.27,0.2,0.25,0.36,126.08,2025.42,-0.53,3.01,2.91,36.8,0
448,0.36,0.2,0.32,0.42,126.08,2025.42,-0.53,3.01,2.91,36.8,0
449,0.45,0.16,0.32,0.45,126.08,2025.42,-0.53,3.01,2.92,36.83,0
450,0.25,0.35,0.32,0.43,126.08,2025.42,-0.53,3.01,2.92,36.14,1
451,0.32,0.41,0.3,0.45,126.08,2025.42,-0.53,3.01,2.91,36.29,0
452,0.33,0.21,0.29,0.33,126.08,2025.42,-0.53,3.01,2.92,36.82,0
453,0.34,0.23,0.33,0.41,126.08,2025.42,-0.53,3.01,2.91,36.9,0
454,0.26,0.34,0.38,0.61,126.08,2025.42,-0.53,3.01,2.94,36.47,0
455,0.36,0.36,0.4,0.49,126.08,2025.42,-0.53,3.01,2.92,36.49,0
456,0.4,0.2,0.31,0.43,126.08,2025.42,-0.53,3.01,2.94,36.02,0
457,0.32,0.25,0.27,0.38,126.08,2025.42,-0.53,3.01,2.91,36.42,0
458,0.28,0.16,0.25,0.34,126.08,2025.42,-0.53,3.01,2.91,36.7,0
459,0.33,0.36,0.4,0.56,126.08,2025.42,-0.53,3.01,2.93,36.64,0
460,0.3,0.24,0.3,0.36,126.08,2025.42,-0.53,3.01,2.61,36.9,0
461,0.44,0.37,0.43,0.59,126.08,2025.42,-0.53,3.01,2.94,35.98,0
462,0.38,0.22,0.34,0.41,126.08,2025.42,-0.53,3.01,2.92,36.9,0
463,0.39,0.32,0.32,0.46,126.08,2025.42,-0.53,3.01,2.91,36.43,0
464,0.38,0.35,0.37,0.56,126.08,2025.42,-0.53,3.01,2.91,36.81,0
465,0.31,0.19,0.27,0.3,126.08,2025.42,-0.53,3.01,2.94,36.45,0
466,0.32,0.61,0.43,0.69,126.08,2025.42,-0.53,3.01,2.91,36.86,0
467,0.22,0.43,0.35,0.55,126.08,2025.42,-0.53,3.01,2.91,36.44,0
468,0.3,0.21,0.24,0.29,126.08,2025.42,-0.53,3.01,2.9,36.71,0
469,0.41,0.24,0.34,0.43,126.08,2025.42,-0.53,3.01,2.91,36.87,0
470,0.38,0.5,0.42,0.58,126.08,2025.42,-0.53,3.01,2.94,36.61,0
471,0.44,0.35,0.35,0.46,126.08,2025.42,-0.53,3.01,2.61,36.86,0
472,0.26,0.52,0.32,0.5,126.08,2025.42,-0.53,3.01,2.91,36.2,0
473,0.41,0.23,0.4,0.49,126.08,2025.42,-0.53,3.01,2.92,36.86,0
474,0.33,0.23,0.31,0.36,126.08,2025.42,-0.53,3.01,2.92,36.82,0
475,0.44,0.39,0.42,0.59,126.08,2025.42,-0.53,3.01,2.93,36.62,0
476,0.35,0.28,0.34,0.38,126.08,2025.42,-0.53,3.01,2.62,36.55,0
477,0.33,0.33,0.38,0.43,126.08,2025.42,-0.53,3.01,2.93,36.45,0
478,0.38,0.36,0.38,0.52,126.08,2025.42,-0.53,3.01,2.91,36.47,0
479,0.39,0.19,0.33,0.38,126.08,2025.42,-0.53,3.01,2.93,36.71,0
480,0.39,0.28,0.36,0.48,126.08,2025.42,-0.53,3.01,2.93,36.46,0
481,0.24,0.21,0.28,0.48,126.08,2025.42,-0.53,3.01,2.91,36.67,0
482,0.38,0.29,0.33,0.35,126.08,2025.42,-0.53,3.01,2.62,36.71,0
483,0.36,0.26,0.36,0.43,126.08,2025.42,-0.53,3.01,2.92,36.51,0
484,0.32,0.23,0.29,0.36,126.08,2025.42,-0.53,3.01,2.93,36.49,0
485,0.29,0.24,0.27,0.37,126.08,2025.42,-0.53,3.01,2.92,36.41,0
486,0.41,0.2,0.3,0.36,126.08,2025.42,-0.53,3.01,2.92,36.84,0
487,0.47,0.3,0.35,0.42,126.08,2025.42,-0.53,3.01,2.94,36.02,0
488,0.4,0.27,0.36,0.48,126.08,2025.42,-0.53,3.01,2.94,35.99,0
489,0.38,0.38,0.41,0.51,126.08,2025.42,-0.53,3.01,2.61,36.31,0
490,0.29,0.28,0.35,0.4,126.08,2025.42,-0.53,3.01,2.93,36.83,0
491,0.3,0.38,0.35,0.47,126.08,2025.42,-0.53,3.01,2.61,36.47,0
492,0.41,0.23,0.33,0.43,126.08,2025.42,-0.53,3.01,2.92,36.85,0
493,0.44,0.3,0.39,0.42,126.08,2025.42,-0.53,3.01,2.92,36.85,0
494,0.33,0.23,0.29,0.32,126.08,2025.42,-0.53,3.01,2.94,36.44,0
495,0.27,0.15,0.22,0.27,123.47,2036.8,-0.71,2.96,2.91,36.5,1
496,0.37,0.18,0.25,0.3,123.47,2036.8,-0.71,2.96,2.9,36.4,0
497,0.23,0.32,0.28,0.49,123.47,2036.8,-0.71,2.96,2.91,36.49,1
498,0.54,0.25,0.36,0.56,123.47,2036.8,-0.71,2.96,2.97,35.96,0
499,0.4,0.17,0.23,0.27,123.47,2036.8,-0.71,2.96,2.98,36.11,0
500,0.43,0.44,0.45,0.69,123.47,2036.8,-0.71,2.96,2.92,36.09,0
501,0.36,0.23,0.28,0.38,123.47,2036.8,-0.71,2.96,2.91,36.22,0
502,0.41,0.28,0.28,0.36,123.47,2036.8,-0.71,2.96,2.9,36.05,0
503,0.36,0.53,0.47,0.64,123.47,2036.8,-0.71,2.96,2.92,36.03,0
504,0.29,0.25,0.32,0.45,123.47,2036.8,-0.71,2.96,2.65,36.33,0
505,0.74,0.42,0.38,0.57,123.47,2036.8,-0.71,2.96,2.91,36.7,0
506,0.36,0.31,0.35,0.45,123.47,2036.8,-0.71,2.96,2.91,36.05,0
507,0.62,0.5,0.45,0.76,123.47,2036.8,-0.71,2.96,2.63,36.23,0
508,0.31,0.23,0.25,0.34,123.47,2036.8,-0.71,2.96,2.92,36.66,0
509,0.34,0.19,0.25,0.31,123.47,2036.8,-0.71,2.96,2.92,36.64,0
510,0.42,0.39,0.4,0.65,123.47,2036.8,-0.71,2.96,2.92,36.86,0
511,0.47,0.38,0.37,0.59,123.47,2036.8,-0.71,2.96,2.61,36.17,0
512,0.29,0.21,0.3,0.41,123.47,2036.8,-0.71,2.96,2.91,36.47,0
513,0.27,0.18,0.22,0.28,123.47,2036.8,-0.71,2.96,2.91,36.16,0
514,0.27,0.3,0.3,0.53,123.47,2036.8,-0.71,2.96,2.63,36.11,0
515,0.26,0.21,0.24,0.32,123.47,2036.8,-0.71,2.96,2.92,36.19,0
516,0.34,0.19,0.27,0.32,123.47,2036.8,-0.71,2.96,2.94,36.04,0
517,0.32,0.28,0.26,0.34,123.47,2036.8,-0.71,2.96,2.92,36.44,0
518,0.41,0.21,0.33,0.46,123.47,2036.8,-0.71,2.96,2.93,36.85,0
519,0.35,0.28,0.37,0.49,123.47,2036.8,-0.71,2.96,2.91,36.02,0
520,0.29,0.23,0.28,0.39,123.47,2036.8,-0.71,2.96,2.9,36.39,0
521,0.23,0.19,0.23,0.32,123.47,2036.8,-0.71,2.96,2.91,36.19,0
522,0.28,0.25,0.28,0.35,123.47,2036.8,-0.71,2.96,2.92,36.06,0
523,0.25,0.2,0.24,0.29,123.47,2036.8,-0.71,2.96,2.91,36.36,0
524,0.24,0.18,0.25,0.34,123.47,2036.8,-0.71,2.96,2.91,36.49,0
525,0.37,0.42,0.35,0.49,123.47,2036.8,-0.71,2.96,2.6,36.24,0
526,0.67,0.17,0.37,0.52,123.47,2036.8,-0.71,2.96,2.9,36.79,0
527,0.44,0.25,0.33,0.5,123.47,2036.8,-0.71,2.96,2.98,35.95,0
528,0.28,0.18,0.27,0.37,123.47,2036.8,-0.71,2.96,2.91,36.35,0
529,0.2,0.16,0.21,0.25,123.47,2036.8,-0.71,2.96,2.91,36.5,0
530,0.2,0.21,0.24,0.34,123.47,2036.8,-0.71,2.96,2.59,36.48,0
531,0.27,0.17,0.27,0.33,123.47,2036.8,-0.71,2.96,2.92,36.05,0
532,0.58,0.27,0.39,0.48,123.47,2036.8,-0.71,2.96,2.61,36.02,0
533,0.33,0.38,0.41,0.56,123.47,2036.8,-0.71,2.96,2.91,36.03,0
534,0.51,0.38,0.43,0.61,123.47,2036.8,-0.71,2.96,2.95,36.14,0
535,0.3,0.29,0.3,0.37,123.47,2036.8,-0.71,2.96,2.94,36.21,0
536,0.25,0.21,0.23,0.3,123.47,2036.8,-0.71,2.96,2.91,36.36,0
537,0.43,0.27,0.41,0.6,123.47,2036.8,-0.71,2.96,2.61,36.17,0
538,0.22,0.56,0.54,0.72,123.47,2036.8,-0.71,2.96,2.9,36.67,0
539,0.38,0.41,0.5,0.64,123.47,2036.8,-0.71,2.96,2.91,36.38,0
540,0.24,0.19,0.25,0.32,123.47,2036.8,-0.71,2.96,2.91,36.1,0
541,0.28,0.23,0.25,0.3,123.47,2036.8,-0.71,2.96,2.91,36.12,0
542,0.27,0.2,0.26,0.39,123.47,2036.8,-0.71,2.96,2.9,36.76,0
543,0.53,0.51,0.52,0.73,123.47,2036.8,-0.71,2.96,2.98,35.96,0
544,0.28,0.16,0.23,0.27,123.47,2036.8,-0.71,2.96,2.91,36.42,0
545,0.28,0.33,0.32,0.46,123.47,2036.8,-0.71,2.96,2.95,36.16,0
546,0.28,0.24,0.29,0.41,123.47,2036.8,-0.71,2.96,2.92,36.45,0
547,0.24,0.24,0.29,0.42,123.47,2036.8,-0.71,2.96,2.91,36.36,1
548,0.31,0.27,0.35,0.47,123.47,2036.8,-0.71,2.96,2.64,36.16,0
549,0.47,0.22,0.35,0.52,123.47,2036.8,-0.71,2.96,2.6,36.78,0
550,0.23,0.18,0.25,0.35,123.47,2036.8,-0.71,2.96,2.91,36.22,0
551,0.39,0.43,0.38,0.53,123.47,2036.8,-0.71,2.96,2.91,36.1,0
552,0.25,0.17,0.31,0.37,123.47,2036.8,-0.71,2.96,2.62,36.0,0
553,0.34,0.24,0.33,0.41,123.47,2036.8,-0.71,2.96,2.96,36.15,0
554,0.36,0.58,0.44,0.73,123.47,2036.8,-0.71,2.96,2.91,36.71,0
555,0.63,0.47,0.48,0.6,123.47,2036.8,-0.71,2.96,2.95,36.15,0
556,0.38,0.28,0.35,0.49,123.47,2036.8,-0.71,2.96,2.9,36.8,0
557,0.25,0.26,0.31,0.43,123.47,2036.8,-0.71,2.96,2.92,36.85,0
558,0.22,0.41,0.39,0.63,123.47,2036.8,-0.71,2.96,2.59,36.82,0
559,0.72,0.52,0.47,0.68,123.47,2036.8,-0.71,2.96,2.92,36.17,0
560,0.61,0.65,0.43,0.71,123.47,2036.8,-0.71,2.96,2.9,36.66,0
561,0.22,0.18,0.24,0.3,123.47,2036.8,-0.71,2.96,2.91,36.43,0
562,0.57,0.58,0.51,0.77,123.47,2036.8,-0.71,2.96,2.67,36.06,0
563,0.26,0.2,0.25,0.3,123.47,2036.8,-0.71,2.96,2.92,36.18,0
564,0.2,0.22,0.29,0.44,123.47,2036.8,-0.71,2.96,2.9,36.81,0
565,0.21,0.28,0.29,0.42,123.47,2036.8,-0.71,2.96,2.61,36.43,0
566,0.25,0.24,0.23,0.31,123.47,2036.8,-0.71,2.96,2.59,36.31,1
567,0.25,0.19,0.28,0.34,123.47,2036.8,-0.71,2.96,2.92,36.17,0
568,0.21,0.22,0.22,0.3,123.47,2036.8,-0.71,2.96,2.91,36.51,0
569,0.32,0.2,0.26,0.34,47.66,204.34,0.97,4.66,1.22,65.87,1
570,0.22,0.2,0.23,0.34,47.66,204.34,0.97,4.66,1.22,65.86,0
571,0.32,0.23,0.25,0.32,47.66,204.34,0.97,4.66,1.22,65.84,1
572,0.31,0.21,0.3,0.38,47.66,204.34,0.97,4.66,1.22,66.17,0
573,0.32,0.26,0.3,0.36,47.66,204.34,0.97,4.66,1.22,65.81,0
574,0.28,0.13,0.25,0.3,47.66,204.34,0.97,4.66,1.22,65.68,0
575,0.18,0.22,0.23,0.26,47.66,204.34,0.97,4.66,1.09,66.15,0
576,0.22,0.15,0.23,0.26,47.66,204.34,0.97,4.66,1.22,65.99,0
577,0.19,0.23,0.23,0.26,47.66,204.34,0.97,4.66,1.09,66.14,0
578,0.2,0.25,0.25,0.29,47.66,204.34,0.97,4.66,1.24,65.49,0
579,0.22,0.17,0.21,0.24,47.66,204.34,0.97,4.66,1.23,65.66,1
580,0.42,0.24,0.28,0.39,47.66,204.34,0.97,4.66,1.23,65.86,0
581,0.19,0.16,0.26,0.33,47.66,204.34,0.97,4.66,1.22,65.97,0
582,0.25,0.24,0.28,0.35,47.66,204.34,0.97,4.66,1.1,65.68,0
583,0.34,0.15,0.25,0.3,47.66,204.34,0.97,4.66,1.21,66.24,0
584,0.19,0.16,0.19,0.22,47.66,204.34,0.97,4.66,1.22,65.83,0
585,0.2,0.37,0.29,0.41,47.66,204.34,0.97,4.66,1.22,65.88,0
586,0.19,0.24,0.24,0.27,47.66,204.34,0.97,4.66,1.24,65.58,0
587,0.33,0.23,0.28,0.31,47.66,204.34,0.97,4.66,1.22,66.03,0
588,0.2,0.18,0.2,0.26,47.66,204.34,0.97,4.66,1.09,66.18,0
589,0.38,0.24,0.32,0.36,47.66,204.34,0.97,4.66,1.21,66.29,0
590,0.29,0.2,0.27,0.31,47.66,204.34,0.97,4.66,1.21,66.16,0
591,0.28,0.22,0.24,0.28,47.66,204.34,0.97,4.66,1.1,65.69,0
592,0.28,0.22,0.24,0.3,47.66,204.34,0.97,4.66,1.09,65.95,0
593,0.2,0.21,0.24,0.31,47.66,204.34,0.97,4.66,1.22,66.11,0
594,0.28,0.22,0.26,0.32,47.66,204.34,0.97,4.66,1.22,65.86,0
595,0.25,0.19,0.22,0.26,47.66,204.34,0.97,4.66,1.08,66.22,0
596,0.29,0.2,0.28,0.37,47.66,204.34,0.97,4.66,1.23,65.73,0
597,0.26,0.22,0.25,0.27,47.66,204.34,0.97,4.66,1.09,66.19,0
598,0.15,0.23,0.23,0.29,47.66,204.34,0.97,4.66,1.23,65.66,0
599,0.31,0.22,0.28,0.32,47.66,204.34,0.97,4.66,1.09,66.3,0
600,0.3,0.19,0.29,0.36,47.66,204.34,0.97,4.66,1.09,66.1,0
601,0.3,0.22,0.29,0.3,47.66,204.34,0.97,4.66,1.09,66.14,0
602,0.18,0.2,0.21,0.24,47.66,204.34,0.97,4.66,1.22,65.85,0
603,0.21,0.21,0.26,0.28,47.66,204.34,0.97,4.66,1.23,65.67,0
604,0.22,0.15,0.23,0.26,47.66,204.34,0.97,4.66,1.09,66.07,0
605,0.18,0.2,0.24,0.29,47.66,204.34,0.97,4.66,1.22,66.14,0
606,0.36,0.26,0.33,0.34,47.66,204.34,0.97,4.66,1.22,66.1,0
607,0.3,0.17,0.24,0.29,47.66,204.34,0.97,4.66,1.21,66.17,0
608,0.26,0.29,0.3,0.33,47.66,204.34,0.97,4.66,1.09,65.8,0
609,0.26,0.2,0.25,0.29,47.66,204.34,0.97,4.66,1.22,65.97,0
610,0.28,0.23,0.25,0.32,47.66,204.34,0.97,4.66,1.22,66.07,0
611,0.33,0.29,0.33,0.38,47.66,204.34,0.97,4.66,1.09,66.2,0
612,0.28,0.24,0.28,0.34,47.66,204.34,0.97,4.66,1.21,66.26,0
613,0.24,0.21,0.28,0.31,47.66,204.34,0.97,4.66,1.09,66.03,0
614,0.28,0.3,0.29,0.33,47.66,204.34,0.97,4.66,1.09,66.19,0
615,0.21,0.19,0.25,0.27,47.66,204.34,0.97,4.66,1.09,65.95,0
616,0.22,0.26,0.28,0.3,47.66,204.34,0.97,4.66,1.22,66.04,0
617,0.28,0.19,0.24,0.3,47.66,204.34,0.97,4.66,1.09,66.09,0
618,0.25,0.19,0.24,0.26,47.66,204.34,0.97,4.66,1.22,66.16,0
619,0.35,0.25,0.29,0.29,47.66,204.34,0.97,4.66,0.23,65.54,0
620,0.27,0.27,0.38,0.52,47.66,204.34,0.97,4.66,1.22,66.05,0
621,0.22,0.24,0.25,0.3,47.66,204.34,0.97,4.66,1.24,65.57,0
622,0.13,0.14,0.15,0.18,47.66,204.34,0.97,4.66,1.22,66.16,0
623,0.21,0.18,0.2,0.24,47.66,204.34,0.97,4.66,1.23,65.53,0
624,0.26,0.19,0.27,0.26,47.66,204.34,0.97,4.66,1.09,66.2,0
625,0.13,0.17,0.39,0.57,47.66,204.34,0.97,4.66,1.11,65.37,0
626,0.21,0.19,0.2,0.23,47.66,204.34,0.97,4.66,1.09,66.14,0
627,0.2,0.23,0.26,0.29,47.66,204.34,0.97,4.66,1.22,66.23,0
628,0.09,0.22,0.17,0.24,47.66,204.34,0.97,4.66,1.09,66.22,0
629,0.21,0.15,0.19,0.2,47.66,204.34,0.97,4.66,1.22,66.2,0
630,0.2,0.19,0.19,0.21,47.66,204.34,0.97,4.66,1.22,66.13,0
631,0.22,0.3,0.29,0.34,47.66,204.34,0.97,4.66,1.23,65.6,0
632,0.17,0.28,0.26,0.32,47.66,204.34,0.97,4.66,1.23,65.66,0
633,0.31,0.21,0.26,0.27,47.66,204.34,0.97,4.66,1.23,65.64,0
634,0.34,0.26,0.3,0.32,47.66,204.34,0.97,4.66,1.09,65.95,0
635,0.31,0.34,0.3,0.4,47.66,204.34,0.97,4.66,1.09,66.28,0
636,0.31,0.21,0.28,0.28,47.66,204.34,0.97,4.66,1.22,66.13,0
637,0.14,0.18,0.19,0.23,47.66,204.34,0.97,4.66,1.09,66.16,0
638,0.22,0.2,0.2,0.24,47.66,204.34,0.97,4.66,1.09,65.85,0
639,0.2,0.24,0.22,0.27,47.66,204.34,0.97,4.66,1.1,65.86,0
640,0.1,0.16,0.15,0.2,47.66,204.34,0.97,4.66,1.09,66.07,0
641,0.15,0.2,0.19,0.22,47.66,204.34,0.97,4.66,1.09,66.17,0
642,0.17,0.19,0.18,0.23,47.66,204.34,0.97,4.66,1.22,65.87,0
643,0.09,0.13,0.15,0.19,47.66,204.34,0.97,4.66,1.22,65.94,0
644,0.21,0.25,0.23,0.3,47.66,204.34,0.97,4.66,1.09,66.15,0
645,0.18,0.19,0.2,0.21,47.66,204.34,0.97,4.66,1.22,65.93,0
646,0.35,0.26,0.29,0.29,47.66,204.34,0.97,4.66,1.22,66.24,0
647,0.19,0.17,0.18,0.22,47.66,204.34,0.97,4.66,1.22,66.06,0
648,0.32,0.24,0.34,0.4,69.09,239.69,0.18,3.83,1.22,65.9,1
649,0.23,0.21,0.24,0.27,69.09,239.69,0.18,3.83,1.22,66.15,1
650,0.34,0.3,0.31,0.4,69.09,239.69,0.18,3.83,1.22,65.92,1
651,0.33,0.27,0.31,0.35,69.09,239.69,0.18,3.83,1.22,66.11,0
652,0.25,0.12,0.22,0.26,69.09,239.69,0.18,3.83,1.22,66.19,0
653,0.21,0.16,0.16,0.19,69.09,239.69,0.18,3.83,0.36,66.03,0
654,0.22,0.13,0.2,0.22,69.09,239.69,0.18,3.83,1.22,66.11,0
655,0.17,0.13,0.17,0.2,69.09,239.69,0.18,3.83,1.22,66.11,0
656,0.16,0.13,0.16,0.17,69.09,239.69,0.18,3.83,1.22,65.98,0
657,0.18,0.11,0.16,0.17,69.09,239.69,0.18,3.83,1.22,66.17,0
658,0.27,0.26,0.3,0.35,69.09,239.69,0.18,3.83,1.23,65.89,0
659,0.3,0.25,0.32,0.37,69.09,239.69,0.18,3.83,1.22,66.33,1
660,0.23,0.16,0.22,0.24,69.09,239.69,0.18,3.83,1.22,66.2,0
661,0.17,0.13,0.17,0.19,69.09,239.69,0.18,3.83,1.22,66.07,0
662,0.23,0.14,0.22,0.22,69.09,239.69,0.18,3.83,1.23,65.85,0
663,0.16,0.12,0.16,0.15,69.09,239.69,0.18,3.83,1.09,66.07,0
664,0.22,0.13,0.22,0.28,69.09,239.69,0.18,3.83,1.22,66.06,1
665,0.26,0.19,0.27,0.28,69.09,239.69,0.18,3.83,1.22,66.13,0
666,0.19,0.2,0.25,0.29,69.09,239.69,0.18,3.83,1.22,66.31,0
667,0.18,0.11,0.18,0.21,69.09,239.69,0.18,3.83,1.22,66.25,0
668,0.23,0.26,0.3,0.32,69.09,239.69,0.18,3.83,1.22,66.17,0
669,0.21,0.15,0.22,0.26,69.09,239.69,0.18,3.83,1.09,66.14,0
670,0.15,0.16,0.17,0.19,69.09,239.69,0.18,3.83,1.22,66.2,0
671,0.18,0.13,0.18,0.19,69.09,239.69,0.18,3.83,1.22,66.15,0
672,0.15,0.2,0.23,0.25,69.09,239.69,0.18,3.83,1.22,66.33,0
673,0.23,0.14,0.32,0.43,69.09,239.69,0.18,3.83,1.09,65.97,0
674,0.13,0.11,0.14,0.15,69.09,239.69,0.18,3.83,1.22,66.01,0
675,0.28,0.19,0.25,0.28,69.09,239.69,0.18,3.83,1.22,66.08,0
676,0.16,0.17,0.18,0.21,69.09,239.69,0.18,3.83,1.22,66.08,0
677,0.23,0.22,0.26,0.29,69.09,239.69,0.18,3.83,1.22,66.18,0
678,0.22,0.19,0.22,0.27,69.09,239.69,0.18,3.83,1.22,66.27,0
679,0.12,0.12,0.15,0.15,69.09,239.69,0.18,3.83,1.22,66.16,0
680,0.12,0.14,0.18,0.21,69.09,239.69,0.18,3.83,1.22,66.11,0
681,0.11,0.19,0.18,0.2,69.09,239.69,0.18,3.83,1.09,66.12,0
682,0.22,0.15,0.19,0.21,69.09,239.69,0.18,3.83,1.09,66.2,0
683,0.2,0.16,0.19,0.21,69.09,239.69,0.18,3.83,1.22,66.01,0
684,0.16,0.09,0.15,0.16,69.09,239.69,0.18,3.83,1.09,66.16,0
685,0.17,0.13,0.14,0.15,69.09,239.69,0.18,3.83,1.09,66.11,0
686,0.24,0.13,0.18,0.21,69.09,239.69,0.18,3.83,1.22,66.07,0
687,0.16,0.15,0.17,0.18,69.09,239.69,0.18,3.83,1.22,66.07,0
688,0.17,0.1,0.16,0.17,69.09,239.69,0.18,3.83,1.22,66.16,0
689,0.12,0.13,0.14,0.16,69.09,239.69,0.18,3.83,1.22,66.13,0
690,0.26,0.19,0.25,0.23,69.09,239.69,0.18,3.83,1.22,66.37,0
691,0.17,0.14,0.18,0.2,69.09,239.69,0.18,3.83,1.22,66.17,0
692,0.12,0.17,0.18,0.19,69.09,239.69,0.18,3.83,1.09,66.24,0
693,0.23,0.18,0.22,0.24,69.09,239.69,0.18,3.83,1.22,66.01,0
694,0.16,0.16,0.18,0.18,69.09,239.69,0.18,3.83,1.22,65.99,0
695,0.15,0.16,0.17,0.2,69.09,239.69,0.18,3.83,1.22,66.09,0
696,0.22,0.14,0.2,0.19,69.09,239.69,0.18,3.83,1.22,66.06,0
697,0.16,0.2,0.21,0.22,69.09,239.69,0.18,3.83,1.22,66.12,0
698,0.19,0.17,0.19,0.2,69.09,239.69,0.18,3.83,1.22,66.27,0
699,0.18,0.17,0.18,0.22,69.09,239.69,0.18,3.83,1.1,65.81,0
700,0.15,0.16,0.33,0.46,69.09,239.69,0.18,3.83,1.22,65.98,0
701,0.12,0.14,0.14,0.17,69.09,239.69,0.18,3.83,1.1,65.81,0
702,0.09,0.13,0.18,0.19,69.09,239.69,0.18,3.83,1.09,66.25,0
703,0.17,0.15,0.17,0.18,69.09,239.69,0.18,3.83,1.22,66.23,0
704,0.14,0.16,0.16,0.18,69.09,239.69,0.18,3.83,1.22,66.17,0
705,0.16,0.13,0.15,0.16,69.09,239.69,0.18,3.83,1.09,66.18,0
706,0.22,0.17,0.2,0.2,69.09,239.69,0.18,3.83,1.09,66.09,0
707,0.3,0.2,0.27,0.27,69.09,239.69,0.18,3.83,1.09,66.4,0
708,0.2,0.13,0.19,0.19,69.09,239.69,0.18,3.83,1.1,65.99,0
709,0.12,0.1,0.12,0.15,69.09,239.69,0.18,3.83,0.36,65.59,0
710,0.13,0.11,0.15,0.17,69.09,239.69,0.18,3.83,1.22,66.2,0
711,0.17,0.13,0.17,0.19,69.09,239.69,0.18,3.83,1.22,65.87,0
712,0.12,0.15,0.15,0.19,69.09,239.69,0.18,3.83,1.22,65.99,0
713,0.21,0.17,0.25,0.34,69.09,239.69,0.18,3.83,1.1,65.71,0
714,0.16,0.15,0.16,0.18,69.09,239.69,0.18,3.83,1.09,66.03,0
715,0.2,0.15,0.19,0.2,69.09,239.69,0.18,3.83,1.09,66.04,0
716,0.15,0.15,0.17,0.18,69.09,239.69,0.18,3.83,1.09,66.05,0
717,0.12,0.14,0.16,0.18,69.09,239.69,0.18,3.83,1.22,66.25,0
718,0.17,0.15,0.18,0.19,69.09,239.69,0.18,3.83,1.09,66.17,0
719,0.18,0.19,0.17,0.21,69.09,239.69,0.18,3.83,0.0,65.34,0
720,0.22,0.19,0.22,0.23,69.09,239.69,0.18,3.83,1.22,66.15,0
721,0.18,0.16,0.16,0.19,69.09,239.69,0.18,3.83,1.22,66.23,0
722,0.14,0.17,0.16,0.19,69.09,239.69,0.18,3.83,1.22,66.22,0
723,0.13,0.16,0.14,0.18,69.09,239.69,0.18,3.83,1.1,65.8,0
724,0.14,0.15,0.16,0.18,69.09,239.69,0.18,3.83,1.09,66.26,0
725,0.21,0.17,0.21,0.21,69.09,239.69,0.18,3.83,1.22,66.23,0
726,0.19,0.12,0.18,0.18,69.09,239.69,0.18,3.83,1.09,66.16,0
727,0.12,0.16,0.17,0.2,69.09,239.69,0.18,3.83,1.22,66.22,0
728,0.11,0.14,0.18,0.19,69.09,239.69,0.18,3.83,1.09,66.21,0
729,0.07,0.12,0.12,0.15,69.09,239.69,0.18,3.83,1.09,65.98,0
730,0.18,0.16,0.16,0.17,69.09,239.69,0.18,3.83,1.09,66.11,0
731,0.08,0.13,0.24,0.37,69.09,239.69,0.18,3.83,1.24,65.57,0
732,0.11,0.14,0.16,0.2,69.09,239.69,0.18,3.83,1.1,65.98,0
733,0.28,0.13,0.25,0.29,55.85,221.97,0.87,5.07,1.23,65.72,0
734,0.25,0.24,0.28,0.34,55.85,221.97,0.87,5.07,1.22,65.87,1
735,0.19,0.2,0.27,0.3,55.85,221.97,0.87,5.07,1.09,65.93,0
736,0.16,0.21,0.25,0.3,55.85,221.97,0.87,5.07,1.1,65.72,0
737,0.27,0.12,0.3,0.41,55.85,221.97,0.87,5.07,1.22,65.81,0
738,0.28,0.11,0.24,0.28,55.85,221.97,0.87,5.07,1.22,65.87,1
739,0.25,0.17,0.23,0.25,55.85,221.97,0.87,5.07,1.23,65.77,0
740,0.12,0.25,0.28,0.35,55.85,221.97,0.87,5.07,1.1,65.59,0
741,0.16,0.19,0.22,0.3,55.85,221.97,0.87,5.07,1.22,65.86,0
742,0.14,0.18,0.22,0.3,55.85,221.97,0.87,5.07,1.09,66.04,0
743,0.18,0.28,0.3,0.32,55.85,221.97,0.87,5.07,1.09,65.94,0
744,0.11,0.27,0.26,0.34,55.85,221.97,0.87,5.07,1.1,65.79,1
745,0.19,0.22,0.24,0.32,55.85,221.97,0.87,5.07,1.09,65.85,0
746,0.14,0.23,0.26,0.31,55.85,221.97,0.87,5.07,1.09,66.06,0
747,0.35,0.24,0.31,0.36,55.85,221.97,0.87,5.07,1.22,65.94,0
748,0.17,0.19,0.27,0.3,55.85,221.97,0.87,5.07,1.09,65.89,0
749,0.17,0.18,0.26,0.26,55.85,221.97,0.87,5.07,1.09,65.79,0
750,0.13,0.19,0.24,0.28,55.85,221.97,0.87,5.07,1.1,65.59,0
751,0.14,0.24,0.26,0.31,55.85,221.97,0.87,5.07,1.09,66.07,0
752,0.17,0.15,0.24,0.27,55.85,221.97,0.87,5.07,1.09,65.93,0
753,0.16,0.18,0.19,0.23,55.85,221.97,0.87,5.07,1.1,65.83,0
754,0.21,0.21,0.26,0.31,55.85,221.97,0.87,5.07,1.1,65.81,0
755,0.22,0.18,0.27,0.31,55.85,221.97,0.87,5.07,1.1,65.82,1
756,0.19,0.17,0.2,0.22,55.85,221.97,0.87,5.07,1.09,65.93,0
757,0.16,0.21,0.3,0.31,55.85,221.97,0.87,5.07,1.09,65.96,0
758,0.13,0.24,0.27,0.31,55.85,221.97,0.87,5.07,1.09,65.87,0
759,0.16,0.23,0.25,0.32,55.85,221.97,0.87,5.07,1.09,66.21,0
760,0.17,0.25,0.27,0.3,55.85,221.97,0.87,5.07,1.09,66.17,0
761,0.19,0.18,0.25,0.27,55.85,221.97,0.87,5.07,1.1,65.69,0
762,0.18,0.23,0.24,0.29,55.85,221.97,0.87,5.07,1.09,65.86,0
763,0.18,0.19,0.24,0.26,55.85,221.97,0.87,5.07,1.23,65.68,0
764,0.28,0.17,0.24,0.27,55.85,221.97,0.87,5.07,1.22,65.89,0
765,0.14,0.21,0.23,0.31,55.85,221.97,0.87,5.07,1.09,65.93,0
766,0.2,0.21,0.21,0.28,55.85,221.97,0.87,5.07,1.09,65.88,0
767,0.37,0.13,0.35,0.44,55.85,221.97,0.87,5.07,1.09,65.84,0
768,0.16,0.2,0.22,0.24,55.85,221.97,0.87,5.07,1.09,65.88,0
769,0.14,0.28,0.3,0.31,55.85,221.97,0.87,5.07,1.1,65.73,0
770,0.21,0.22,0.28,0.33,55.85,221.97,0.87,5.07,1.09,66.2,0
771,0.15,0.24,0.27,0.3,55.85,221.97,0.87,5.07,1.09,66.0,0
772,0.17,0.24,0.29,0.32,55.85,221.97,0.87,5.07,1.09,65.92,0
773,0.47,0.34,0.54,0.68,55.85,221.97,0.87,5.07,1.09,66.02,0
774,0.17,0.19,0.2,0.24,55.85,221.97,0.87,5.07,1.1,65.72,0
775,0.22,0.21,0.26,0.29,55.85,221.97,0.87,5.07,1.09,65.86,0
776,0.11,0.22,0.24,0.28,55.85,221.97,0.87,5.07,1.09,65.95,0
777,0.24,0.25,0.27,0.3,55.85,221.97,0.87,5.07,1.09,66.05,0
778,0.35,0.23,0.4,0.52,55.85,221.97,0.87,5.07,1.09,65.89,0
779,0.1,0.21,0.28,0.34,55.85,221.97,0.87,5.07,1.1,65.8,1
780,0.16,0.27,0.31,0.32,55.85,221.97,0.87,5.07,1.09,65.98,0
781,0.2,0.22,0.27,0.31,55.85,221.97,0.87,5.07,1.09,66.07,0
782,0.17,0.22,0.21,0.28,55.85,221.97,0.87,5.07,1.09,65.98,0
783,0.31,0.18,0.26,0.29,55.85,221.97,0.87,5.07,1.23,65.76,0
784,0.14,0.21,0.23,0.28,55.85,221.97,0.87,5.07,1.1,65.72,0
785,0.12,0.27,0.27,0.33,55.85,221.97,0.87,5.07,1.09,65.87,0
786,0.15,0.3,0.29,0.36,55.85,221.97,0.87,5.07,1.09,65.95,0
787,0.14,0.23,0.22,0.28,55.85,221.97,0.87,5.07,1.09,65.95,0
788,0.2,0.19,0.26,0.25,55.85,221.97,0.87,5.07,1.09,65.92,0
789,0.19,0.2,0.27,0.31,55.85,221.97,0.87,5.07,1.1,65.79,0
790,0.23,0.24,0.3,0.32,55.85,221.97,0.87,5.07,1.09,65.79,0
791,0.26,0.23,0.26,0.28,55.85,221.97,0.87,5.07,1.22,65.94,0
792,0.13,0.17,0.2,0.23,55.85,221.97,0.87,5.07,1.09,65.84,0
793,0.17,0.2,0.27,0.3,55.85,221.97,0.87,5.07,1.09,65.88,0
794,0.29,0.18,0.24,0.25,55.85,221.97,0.87,5.07,1.1,65.66,0
795,0.15,0.22,0.21,0.24,55.85,221.97,0.87,5.07,1.09,65.85,0
796,0.16,0.2,0.24,0.26,55.85,221.97,0.87,5.07,1.09,65.85,0
797,0.17,0.17,0.18,0.23,55.85,221.97,0.87,5.07,1.1,65.73,0
798,0.21,0.27,0.38,0.34,55.85,221.97,0.87,5.07,1.09,65.93,0
799,0.12,0.29,0.33,0.34,55.85,221.97,0.87,5.07,1.11,65.45,0
800,0.12,0.26,0.28,0.33,55.85,221.97,0.87,5.07,1.09,65.97,0
801,0.18,0.21,0.23,0.32,55.85,221.97,0.87,5.07,1.09,66.03,0
802,0.21,0.17,0.21,0.21,55.85,221.97,0.87,5.07,1.22,65.92,0
803,0.23,0.33,0.34,0.37,55.85,221.97,0.87,5.07,0.0,65.35,0
804,0.51,0.34,0.58,0.7,55.85,221.97,0.87,5.07,1.23,65.49,0
805,0.13,0.25,0.22,0.29,55.85,221.97,0.87,5.07,1.09,65.88,0
806,0.21,0.17,0.23,0.24,55.85,221.97,0.87,5.07,1.09,65.86,0
807,0.18,0.24,0.27,0.3,55.85,221.97,0.87,5.07,1.09,65.87,0
808,0.16,0.25,0.24,0.3,55.85,221.97,0.87,5.07,1.09,66.11,0
809,0.21,0.27,0.26,0.31,55.85,221.97,0.87,5.07,1.09,65.95,0
810,0.16,0.21,0.27,0.3,55.85,221.97,0.87,5.07,1.09,65.95,0
811,0.1,0.33,0.32,0.34,55.85,221.97,0.87,5.07,1.11,65.49,0
812,0.15,0.2,0.27,0.3,55.85,221.97,0.87,5.07,1.1,65.67,0
813,0.13,0.25,0.28,0.3,55.85,221.97,0.87,5.07,1.09,66.03,0
814,0.19,0.22,0.23,0.28,55.85,221.97,0.87,5.07,1.22,65.77,0
815,0.4,0.29,0.55,0.69,55.85,221.97,0.87,5.07,1.09,65.78,0
816,0.15,0.26,0.28,0.35,55.85,221.97,0.87,5.07,1.1,65.8,0
817,0.16,0.22,0.23,0.27,55.85,221.97,0.87,5.07,1.22,66.17,0
818,0.13,0.18,0.25,0.27,55.85,221.97,0.87,5.07,1.1,65.75,0
819,0.13,0.26,0.28,0.28,55.85,221.97,0.87,5.07,1.09,66.04,0
820,0.21,0.19,0.26,0.28,55.85,221.97,0.87,5.07,1.09,65.94,0
821,0.24,0.26,0.32,0.34,55.85,221.97,0.87,5.07,1.09,66.04,0
822,0.17,0.3,0.33,0.35,55.85,221.97,0.87,5.07,1.09,66.1,0
823,0.17,0.17,0.2,0.21,55.85,221.97,0.87,5.07,1.22,65.89,0
824,0.14,0.22,0.24,0.29,55.85,221.97,0.87,5.07,1.1,65.6,0
825,0.12,0.19,0.21,0.27,55.85,221.97,0.87,5.07,1.09,65.9,0
826,0.22,0.23,0.25,0.27,55.85,221.97,0.87,5.07,1.09,65.97,0
827,0.14,0.19,0.23,0.28,55.85,221.97,0.87,5.07,1.1,65.68,0
828,0.11,0.24,0.21,0.26,55.85,221.97,0.87,5.07,1.09,65.93,0
829,0.12,0.22,0.25,0.28,55.85,221.97,0.87,5.07,1.09,65.99,0
830,0.27,0.18,0.25,0.34,55.85,221.97,0.87,5.07,1.09,65.92,0
831,0.12,0.23,0.24,0.27,55.85,221.97,0.87,5.07,1.09,65.95,0
832,0.13,0.17,0.29,0.27,55.85,221.97,0.87,5.07,1.09,65.94,0
833,0.22,0.23,0.25,0.3,55.85,221.97,0.87,5.07,1.22,65.84,0
834,0.13,0.22,0.25,0.27,55.85,221.97,0.87,5.07,1.09,65.9,0
835,0.3,0.19,0.31,0.38,55.85,221.97,0.87,5.07,1.09,66.2,0
836,0.32,0.25,0.28,0.3,55.85,221.97,0.87,5.07,1.23,65.61,0
837,0.19,0.27,0.3,0.32,55.85,221.97,0.87,5.07,1.09,66.11,0
838,0.24,0.16,0.24,0.26,55.85,221.97,0.87,5.07,1.09,65.92,0
839,0.15,0.28,0.33,0.36,55.85,221.97,0.87,5.07,1.09,66.16,0
840,0.09,0.29,0.21,0.34,55.85,221.97,0.87,5.07,1.09,65.9,0
841,0.14,0.21,0.2,0.25,55.85,221.97,0.87,5.07,1.1,65.76,0
842,0.21,0.23,0.23,0.27,55.85,221.97,0.87,5.07,1.09,65.89,0
843,0.39,0.17,0.38,0.44,55.85,221.97,0.87,5.07,1.1,65.61,0
844,0.12,0.19,0.22,0.28,55.85,221.97,0.87,5.07,1.09,65.95,0
845,0.26,0.32,0.31,0.41,55.85,221.97,0.87,5.07,1.09,66.15,0
846,0.16,0.19,0.22,0.26,55.85,221.97,0.87,5.07,1.09,65.81,0
847,0.15,0.22,0.2,0.28,55.85,221.97,0.87,5.07,1.1,65.78,0
848,0.15,0.2,0.2,0.24,55.85,221.97,0.87,5.07,1.09,66.01,0
849,0.08,0.21,0.22,0.23,55.85,221.97,0.87,5.07,1.11,65.41,0
850,0.17,0.19,0.2,0.23,55.85,221.97,0.87,5.07,1.1,65.64,0
851,0.16,0.31,0.34,0.35,55.85,221.97,0.87,5.07,1.09,66.21,0
852,0.17,0.23,0.26,0.29,55.85,221.97,0.87,5.07,1.1,65.59,0
853,0.13,0.2,0.22,0.26,55.85,221.97,0.87,5.07,1.09,66.0,0
854,0.1,0.27,0.25,0.31,55.85,221.97,0.87,5.07,1.09,65.98,0
855,0.09,0.17,0.19,0.25,55.85,221.97,0.87,5.07,1.09,65.88,0
856,0.16,0.16,0.18,0.23,55.85,221.97,0.87,5.07,1.1,65.8,0
857,0.25,0.25,0.26,0.31,55.85,221.97,0.87,5.07,1.1,65.93,1
858,0.14,0.2,0.23,0.29,55.85,221.97,0.87,5.07,1.09,66.15,0
859,0.16,0.25,0.23,0.3,55.85,221.97,0.87,5.07,1.09,66.06,0
860,0.14,0.2,0.22,0.25,55.85,221.97,0.87,5.07,1.23,65.71,0
861,0.12,0.2,0.22,0.28,55.85,221.97,0.87,5.07,1.1,65.63,0
862,0.17,0.2,0.23,0.23,55.85,221.97,0.87,5.07,1.09,66.13,0
863,0.08,0.21,0.24,0.28,55.85,221.97,0.87,5.07,1.1,65.65,0
864,0.18,0.18,0.22,0.25,55.85,221.97,0.87,5.07,1.1,65.75,0
865,0.12,0.18,0.19,0.21,55.85,221.97,0.87,5.07,1.09,65.87,0
866,0.17,0.16,0.2,0.21,55.85,221.97,0.87,5.07,1.1,65.81,0
867,0.28,0.21,0.31,0.43,55.85,221.97,0.87,5.07,1.22,65.87,0
868,0.14,0.2,0.21,0.25,55.85,221.97,0.87,5.07,0.0,65.37,0
869,0.16,0.18,0.18,0.23,55.85,221.97,0.87,5.07,1.09,65.89,0
870,0.16,0.19,0.21,0.25,55.85,221.97,0.87,5.07,1.1,65.7,0
871,0.13,0.18,0.19,0.23,55.85,221.97,0.87,5.07,1.1,65.75,0
872,0.15,0.17,0.17,0.21,55.85,221.97,0.87,5.07,1.09,65.96,1
873,0.13,0.23,0.24,0.25,55.85,221.97,0.87,5.07,1.1,65.82,0
874,0.16,0.23,0.23,0.27,55.85,221.97,0.87,5.07,1.09,66.01,0
875,0.2,0.2,0.21,0.24,55.85,221.97,0.87,5.07,1.23,65.74,0
876,0.3,0.24,0.27,0.28,55.85,221.97,0.87,5.07,1.22,65.79,0
877,0.18,0.18,0.2,0.23,55.85,221.97,0.87,5.07,1.1,65.67,0
878,0.31,0.25,0.27,0.29,55.85,221.97,0.87,5.07,1.09,66.22,0
879,0.26,0.21,0.24,0.24,55.85,221.97,0.87,5.07,1.1,65.8,0
880,0.09,0.16,0.19,0.27,55.85,221.97,0.87,5.07,1.22,66.07,0
881,0.28,0.18,0.26,0.31,55.85,221.97,0.87,5.07,1.1,65.76,0
882,0.17,0.15,0.19,0.21,55.85,221.97,0.87,5.07,1.09,65.92,0
883,0.13,0.17,0.19,0.22,55.85,221.97,0.87,5.07,1.09,65.91,0
884,0.2,0.2,0.21,0.25,55.85,221.97,0.87,5.07,1.09,65.91,0
885,0.13,0.22,0.19,0.24,55.85,221.97,0.87,5.07,1.22,65.85,0
886,0.15,0.3,0.28,0.35,55.85,221.97,0.87,5.07,1.09,66.01,0
887,0.1,0.18,0.18,0.23,55.85,221.97,0.87,5.07,1.22,65.97,0
888,0.29,0.25,0.27,0.27,55.85,221.97,0.87,5.07,1.09,66.18,0
889,0.13,0.16,0.18,0.2,55.85,221.97,0.87,5.07,1.1,65.85,0
890,0.25,0.18,0.23,0.21,55.85,221.97,0.87,5.07,1.1,65.89,0
891,0.2,0.17,0.21,0.22,55.85,221.97,0.87,5.07,1.1,65.71,0
892,0.23,0.22,0.28,0.28,55.85,221.97,0.87,5.07,1.1,65.64,0
893,0.13,0.23,0.26,0.27,55.85,221.97,0.87,5.07,1.1,65.77,0
894,0.13,0.31,0.34,0.37,55.85,221.97,0.87,5.07,1.09,65.85,0
895,0.28,0.26,0.33,0.32,55.85,221.97,0.87,5.07,1.09,65.83,0
896,0.23,0.29,0.34,0.34,55.85,221.97,0.87,5.07,1.09,65.94,0
897,0.38,0.5,0.58,0.73,55.85,221.97,0.87,5.07,1.09,65.94,0
898,0.12,0.33,0.33,0.38,55.85,221.97,0.87,5.07,1.09,66.02,0
899,0.13,0.2,0.2,0.26,55.85,221.97,0.87,5.07,1.09,66.01,0
900,0.6,0.34,0.65,0.77,55.85,221.97,0.87,5.07,1.21,66.1,0
901,0.12,0.28,0.23,0.34,55.85,221.97,0.87,5.07,1.09,66.16,0
902,0.2,0.23,0.23,0.27,55.85,221.97,0.87,5.07,1.09,66.19,0
903,0.23,0.16,0.21,0.23,55.85,221.97,0.87,5.07,1.23,65.81,0
904,0.2,0.2,0.24,0.27,55.85,221.97,0.87,5.07,1.24,65.5,0
905,0.27,0.19,0.22,0.22,55.85,221.97,0.87,5.07,1.23,65.62,0
906,0.14,0.2,0.19,0.22,55.85,221.97,0.87,5.07,1.1,65.68,0
907,0.14,0.2,0.2,0.22,55.85,221.97,0.87,5.07,1.09,65.8,0
908,0.15,0.18,0.21,0.25,55.85,221.97,0.87,5.07,1.09,65.95,0
909,0.17,0.24,0.23,0.28,55.85,221.97,0.87,5.07,1.1,65.81,0
910,0.11,0.21,0.2,0.25,55.85,221.97,0.87,5.07,1.1,65.81,0
911,0.27,0.23,0.24,0.29,55.85,221.97,0.87,5.07,1.09,65.93,0
912,0.23,0.18,0.25,0.25,55.85,221.97,0.87,5.07,1.09,65.94,0
913,0.12,0.31,0.28,0.36,55.85,221.97,0.87,5.07,1.09,66.26,0
914,0.13,0.22,0.23,0.28,55.85,221.97,0.87,5.07,1.1,65.81,0
915,0.16,0.27,0.24,0.3,55.85,221.97,0.87,5.07,1.1,65.94,0
916,0.2,0.17,0.25,0.28,55.85,221.97,0.87,5.07,1.22,65.89,0
917,0.12,0.2,0.22,0.26,55.85,221.97,0.87,5.07,1.09,65.99,0
918,0.13,0.22,0.22,0.24,55.85,221.97,0.87,5.07,0.0,65.39,0
919,0.2,0.19,0.24,0.26,55.85,221.97,0.87,5.07,1.23,65.66,0
920,0.1,0.26,0.22,0.28,55.85,221.97,0.87,5.07,1.09,66.11,0
921,0.34,0.17,0.4,0.51,55.85,221.97,0.87,5.07,1.09,66.04,0
922,0.22,0.2,0.24,0.23,55.85,221.97,0.87,5.07,1.22,65.88,0
923,0.16,0.19,0.18,0.22,55.85,221.97,0.87,5.07,1.09,65.94,0
924,0.12,0.19,0.18,0.24,55.85,221.97,0.87,5.07,1.09,66.12,0
925,0.3,0.22,0.29,0.28,55.85,221.97,0.87,5.07,1.22,65.83,0
926,0.14,0.2,0.2,0.23,55.85,221.97,0.87,5.07,1.22,66.19,0
927,0.14,0.19,0.24,0.25,55.85,221.97,0.87,5.07,1.1,65.88,0
928,0.2,0.2,0.24,0.24,55.85,221.97,0.87,5.07,1.22,65.91,0
929,0.19,0.25,0.18,0.27,55.85,221.97,0.87,5.07,1.11,65.5,0
930,0.27,0.19,0.23,0.24,55.85,221.97,0.87,5.07,1.1,65.82,0
931,0.21,0.22,0.21,0.24,55.85,221.97,0.87,5.07,1.22,65.82,0
932,0.17,0.19,0.23,0.26,55.85,221.97,0.87,5.07,1.1,65.85,0
933,0.17,0.16,0.18,0.2,55.85,221.97,0.87,5.07,1.23,65.7,0
934,0.3,0.21,0.28,0.26,55.85,221.97,0.87,5.07,1.09,65.91,0
935,0.25,0.23,0.23,0.24,55.85,221.97,0.87,5.07,1.09,65.97,0
936,0.2,0.17,0.21,0.21,55.85,221.97,0.87,5.07,1.23,65.65,0
